description,documentation-url,end-date,entry-date,name,permitted-development-right,permitted-development-right-class,permitted-development-right-part,start-date,slug
,,,2021-03-24,,(a) a change of use of a building from—,,,,/permitted-development-right/-a--a-change-of-use-of-a-building-from-
,,,2021-03-24,,(a) a detached dwellinghouse; or,,,,/permitted-development-right/-a--a-detached-dwellinghouse--or
,,,2021-03-24,,(a) falling within Class A1 (shops) or Class A2 (financial and professional services) of the Schedule to the Use Classes Order,,,,/permitted-development-right/-a--falling-within-Class-A1--shops--or-Class-A2--financial-and-professional-services--of-the-Schedule-to-the-Use-Classes-Order
,,,2021-03-24,,(a) the extension or alteration of an agricultural building;,,,,/permitted-development-right/-a--the-extension-or-alteration-of-an-agricultural-building-
,,,2021-03-24,,(aa) a use as a betting office or pay day loan shop,,,,/permitted-development-right/-aa--a-use-as-a-betting-office-or-pay-day-loan-shop
,,,2021-03-24,,(b) a detached building situated within the curtilage of a dwellinghouse or a block of flats,,,,/permitted-development-right/-b--a-detached-building-situated-within-the-curtilage-of-a-dwellinghouse-or-a-block-of-flats
,,,2021-03-24,,(b) as a betting office or pay day loan shop,,,,/permitted-development-right/-b--as-a-betting-office-or-pay-day-loan-shop
,,,2021-03-24,,(b) building operations reasonably necessary to convert the building referred to in paragraph (a) to a use falling within Class C3 (dwellinghouses) of that Schedule.,,,,/permitted-development-right/-b--building-operations-reasonably-necessary-to-convert-the-building-referred-to-in-paragraph--a--to-a-use-falling-within-Class-C3--dwellinghouses--of-that-Schedule-
,,,2021-03-24,,(b) the installation of additional or replacement plant or machinery;,,,,/permitted-development-right/-b--the-installation-of-additional-or-replacement-plant-or-machinery-
,,,2021-03-24,,(bb) a use falling within either Class A1 (shops) or Class A2 (financial and professional services) of that Schedule (whether that use was granted permission under Class G of this Part or otherwise),,,,/permitted-development-right/-bb--a-use-falling-within-either-Class-A1--shops--or-Class-A2--financial-and-professional-services--of-that-Schedule--whether-that-use-was-granted-permission-under-Class-G-of-this-Part-or-otherwise-
,,,2021-03-24,,(c) the provision,,,,/permitted-development-right/-c--the-provision
,,,2021-03-24,,(d) the provision,,,,/permitted-development-right/-d--the-provision
,,,2021-03-24,,(e) the provision of a hard surface;,,,,/permitted-development-right/-e--the-provision-of-a-hard-surface-
,,,2021-03-24,,(f) the deposit of waste; or,,,,/permitted-development-right/-f--the-deposit-of-waste--or
,,,2021-03-24,1995,(g) the carrying out of any of the following operations in connection with fish farming,,,,/permitted-development-right/-g--the-carrying-out-of-any-of-the-following-operations-in-connection-with-fish-farming
,,,2021-03-24,,(i) a use falling within Class A1 (shops) or Class A2 (financial and professional services) of the Schedule to the Use Classes Order;,,,,/permitted-development-right/-i--a-use-falling-within-Class-A1--shops--or-Class-A2--financial-and-professional-services--of-the-Schedule-to-the-Use-Classes-Order-
,,,2021-03-24,,(ii) a use as a betting office or pay day loan shop,,,,/permitted-development-right/-ii--a-use-as-a-betting-office-or-pay-day-loan-shop
,,,2021-03-24,,(iii) a mixed use combining use as a dwellinghouse with—,,,,/permitted-development-right/-iii--a-mixed-use-combining-use-as-a-dwellinghouse-with-
"The carrying out of any works for the purposes of inspecting, repairing or renewing any sewer, main, pipe, cable or other apparatus, including breaking open any land for that purpose",https://www.legislation.gov.uk/uksi/2015/596/schedule/2/part/10/crossheading/class-a/made,,2020-12-31,Repairs to services,10A,,,1995-01-01,/permitted-development-right/10A
"Development by or on behalf of Historic England(45), consisting of: (a) the maintenance, (b) the erection of screens, (c) the carrying out of works to stabilise ground conditions by any cliff, where such works are required for the purposes of securing the preservation of any building or monument.",https://www.legislation.gov.uk/uksi/2015/596/schedule/2/part/11/crossheading/class-a-development-by-historic-england/made,,1995-01-01,Development by Historic England,11A,,,,/permitted-development-right/11A
Any building operation consisting of the demolition of a building,https://www.legislation.gov.uk/uksi/2015/596/schedule/2/part/11/crossheading/class-b-demolition-of-buildings/made,,2020-12-31,Demolition of buildings,11B,,,1995-01-01,/permitted-development-right/11B
"Any building operation consisting of the demolition of the whole or any part of any gate, fence, wall or other means of enclosure",https://www.legislation.gov.uk/uksi/2015/596/schedule/2/part/11/crossheading/class-c-demolition-of-gates-fences-walls-etc/made,,2020-12-31,"Demolition of gates, fences, walls etc",11C,,,1995-01-01,/permitted-development-right/11C
"The erection or construction and the maintenance, improvement or other alteration by a local authority or by an urban development corporation of: (a) any small ancillary building, (b) lamp standards, passenger shelters, public shelters and seats, telephone boxes, fire alarms, public drinking fountains, horse troughs, refuse bins or baskets, barriers for the control of people waiting to enter public service vehicles, electric vehicle charging points and any associated infrastructure, and similar structures or works required in connection with the operation of any public service administered by them",https://www.legislation.gov.uk/uksi/2015/596/schedule/2/part/12/crossheading/class-a/made,,2020-12-31,"Erection or construction and the maintenance, improvement or other alteration by a local authority or by an urban development corporation",12A,,,1995-01-01,/permitted-development-right/12A
The deposit by a local authority of waste material on any land comprised in a site which was used for that purpose on 1st July 1948 whether or not the superficial area or the height of the deposit is extended as a result,https://www.legislation.gov.uk/uksi/2015/596/schedule/2/part/12/crossheading/class-b/made,,2020-12-31,Deposit of waste material,12B,,,1995-01-01,/permitted-development-right/12B
"Development for the purposes of their undertaking by statutory undertakers for the supply of water or hydraulic power consisting of: (a) development not above ground level required in connection with the supply of water or for conserving, or for the conveyance of water treatment sludge; (b) development in, (c) the provision of a building, machinery or apparatus in, on, over or under land for the purpose of survey or investigation; (d) the maintenance, (e) the installation in a water distribution system of a booster station, meter or switch-gear house; (f) any works authorised by or required in connection with an order made under section 73 of the Water Resources Act 1991 (power to make ordinary and emergency drought orders)(55); (g) any other development in, over or under operational land other than the provision of a building but including the extension or alteration of a building.",https://www.legislation.gov.uk/uksi/2015/596/schedule/2/part/13/crossheading/class-a-water-or-hydraulic-power-undertakings/made,,2020-12-31,Water or hydraulic power undertakings,13A,,,1995-01-01,/permitted-development-right/13A
"Development by or on behalf of a sewerage undertaker consisting of: (a) development not above ground level required in connection with the provision, maintenance or repair of a sewer, outfall pipe, sludge main or associated apparatus; (b) the provision of a building, machinery or apparatus in, on, over or under land for the purpose of survey or investigation; (c) the maintenance, (d) the installation in a sewerage system of a pumping station, control panel house or switch-gear house; (e) any works authorised by or required in connection with an order made under section 73 of the Water Resources Act 1991 (power to make ordinary and emergency drought orders)(56); (f) any other development in, over or under their operational land, other than the provision of a building but including the extension or alteration of a building.",https://www.legislation.gov.uk/uksi/2015/596/schedule/2/part/13/crossheading/class-b-development-by-or-on-behalf-of-sewerage-undertakers/made,,2020-12-31,Development by or on behalf of sewerage undertakers,13B,,,1995-01-01,/permitted-development-right/13B
"Development by a drainage body in, on or under any watercourse or land drainage works required in connection with the improvement, maintenance or repair of that watercourse or those works",https://www.legislation.gov.uk/uksi/2015/596/schedule/2/part/13/crossheading/class-c-development-by-drainage-bodies/made,,2020-12-31,Development by drainage bodies,13C,,,1995-01-01,/permitted-development-right/13C
"Development by the Environment Agency for the purposes of its functions, consisting of: (a) development not above ground level required in connection with conserving, (b) development in, maintenance or repair of that watercourse or those works; (c) the provision of a building, machinery or apparatus in, on, over or under land for the purpose of survey or investigation; (d) the maintenance, (e) any works authorised by or required in connection with an order made under section 73 of the Water Resources Act 1991 (power to make ordinary and emergency drought orders); (f) any other development in, over or under their operational land, other than the provision of a building but including the extension or alteration of a building.",https://www.legislation.gov.uk/uksi/2015/596/schedule/2/part/13/crossheading/class-d-development-by-the-environment-agency/made,,2020-12-31,Development by the Environment Agency,13D,,,1995-01-01,/permitted-development-right/13D
"The installation, alteration or replacement of microgeneration solar PV or solar thermal equipment on: (a) a dwellinghouse or a block of flats; or (b) a building situated within the curtilage of a dwellinghouse or a block of flats",https://www.legislation.gov.uk/uksi/2015/596/schedule/2/part/14/crossheading/class-a-installation-or-alteration-etc-of-solar-equipment-on-domestic-premises/made,,1995-01-01,Installation or alteration etc of solar equipment on domestic premises,14A,,,,/permitted-development-right/14A
"The installation, alteration or replacement of stand-alone solar for microgeneration within the curtilage of a dwellinghouse or a block of flats.",https://www.legislation.gov.uk/uksi/2015/596/schedule/2/part/14/crossheading/class-b-installation-or-alteration-etc-of-standalone-solar-equipment-on-domestic-premises/made,,2020-12-31,Installation or alteration etc of stand-alone solar equipment on domestic premises,14B,,,1995-01-01,/permitted-development-right/14B
"The installation, alteration or replacement of a microgeneration ground source heat pump within the curtilage of a dwellinghouse or a block of flats.",https://www.legislation.gov.uk/uksi/2015/596/schedule/2/part/14/crossheading/class-c-installation-or-alteration-etc-of-ground-source-heat-pumps-on-domestic-premises/made,,2020-12-31,Installation or alteration etc of ground source heat pumps on domestic premises,14C,,,1995-01-01,/permitted-development-right/14C
"The installation, alteration or replacement of a microgeneration water source heat pump within the curtilage of a dwellinghouse or a block of flats.",https://www.legislation.gov.uk/uksi/2015/596/schedule/2/part/14/crossheading/class-d-installation-or-alteration-etc-of-water-source-heat-pumps-on-domestic-premises/made,,2020-12-31,Installation or alteration etc of water source heat pumps on domestic premises,14D,,,1995-01-01,/permitted-development-right/14D
"The installation, alteration or replacement of a flue, forming part of a microgeneration biomass heating system, on a dwellinghouse or a block of flats",https://www.legislation.gov.uk/uksi/2015/596/schedule/2/part/14/crossheading/class-e-installation-or-alteration-etc-of-flue-for-biomass-heating-system-on-domestic-premises/made,,2020-12-31,Installation or alteration etc of flue for biomass heating system on domestic premises,14E,,,1995-01-01,/permitted-development-right/14E
"The installation, alteration or replacement of a flue, forming part of a microgeneration combined heat and power system, on a dwellinghouse or a block of flats",https://www.legislation.gov.uk/uksi/2015/596/schedule/2/part/14/crossheading/class-f-installation-or-alteration-etc-of-flue-for-combined-heat-and-power-on-domestic-premises/made,,2020-12-31,Installation or alteration etc of flue for combined heat and power on domestic premises,14F,,,1995-01-01,/permitted-development-right/14F
"The installation, alteration or replacement of a microgeneration air source heat pump: (a) on a dwellinghouse or a block of flats; or (b) within the curtilage of a dwellinghouse or a block of flats,2020-12-31,1995,,/permitted-development-right/14G 14H,https://www.legislation.gov.uk/uksi/2015/596/schedule/2/part/14/crossheading/class-h-installation-or-alteration-etc-of-wind-turbine-on-domestic-premises/made,14,Renewable energy,H,Installation or alteration etc of wind turbine on domestic premises,The installation",https://www.legislation.gov.uk/uksi/2015/596/schedule/2/part/14/crossheading/class-g-installation-or-alteration-etc-of-air-source-heat-pumps-on-domestic-premises/made,,2021-03-24,Installation or alteration etc of air source heat pumps on domestic premises,14G,,,,/permitted-development-right/14G
"The installation, alteration or replacement of a stand-alone wind turbine for microgeneration within the curtilage of a dwellinghouse or a block of flats",https://www.legislation.gov.uk/uksi/2015/596/schedule/2/part/14/crossheading/class-i-installation-or-alteration-etc-of-standalone-wind-turbine-on-domestic-premises/made,,2020-12-31,Installation or alteration etc of stand-alone wind turbine on domestic premises,14I,,,1995-01-01,/permitted-development-right/14I
"The installation, alteration or replacement of: (a) microgeneration solar thermal equipment on a building; (b) microgeneration solar PV equipment on a building; or (c) other solar PV equipment on the roof of a building,2020-12-31,1995,,/permitted-development-right/14J 14K,https://www.legislation.gov.uk/uksi/2015/596/schedule/2/part/14/crossheading/class-k-installation-or-alteration-etc-of-standalone-solar-equipment-on-nondomestic-premises/made,14,Renewable energy,K,Installation or alteration etc of stand-alone solar equipment on non-domestic premises,The installation",https://www.legislation.gov.uk/uksi/2015/596/schedule/2/part/14/crossheading/class-j-installation-or-alteration-etc-of-solar-equipment-on-nondomestic-premises/made,1995-01-01,2021-03-24,Installation or alteration etc of solar equipment on non-domestic premises,14J,,,2020-12-31,/permitted-development-right/14J
"The installation, alteration or replacement of a microgeneration ground source heat pump within the curtilage of a building other than a dwellinghouse or a block of flats",https://www.legislation.gov.uk/uksi/2015/596/schedule/2/part/14/crossheading/class-l-installation-or-alteration-etc-of-ground-source-heat-pump-on-nondomestic-premises/made,,2020-12-31,Installation or alteration etc of ground source heat pump on non-domestic premises,14L,,,1995-01-01,/permitted-development-right/14L
"The installation, alteration or replacement of a microgeneration water source heat pump within the curtilage of a building other than a dwellinghouse or a block of flat",https://www.legislation.gov.uk/uksi/2015/596/schedule/2/part/14/crossheading/class-m-installation-or-alteration-etc-of-water-source-heat-pump-on-nondomestic-premises/made,,2020-12-31,Installation or alteration etc of water source heat pump on non-domestic premises,14M,,,1995-01-01,/permitted-development-right/14M
"The installation, alteration or replacement of a flue, forming part of a microgeneration biomass heating system, on a building other than: (a) a dwellinghouse or a block of flats; or (b) a building situated within the curtilage of a dwellinghouse or a block of flats.",https://www.legislation.gov.uk/uksi/2015/596/schedule/2/part/14/crossheading/class-n-installation-etc-of-flue-for-biomass-heating-system-on-nondomestic-premises/made,,1995-01-01,Installation etc of flue for biomass heating system on non-domestic premises,14N,,,,/permitted-development-right/14N
"The installation, alteration or replacement of a flue, forming part of a microgeneration combined heat and power system, on a building other than: (a) a dwellinghouse or a block of flats; or (b) a building situated within the curtilage of a dwellinghouse or a block of flats",https://www.legislation.gov.uk/uksi/2015/596/schedule/2/part/14/crossheading/class-o-installation-etc-of-flue-for-combined-heat-and-power-on-nondomestic-premises/made,,1995-01-01,Installation etc of flue for combined heat and power on non-domestic premises,14O,,,,/permitted-development-right/14O
"Development by a gas transporter required for the purposes of its undertaking consisting of: (a) the laying underground of mains, (b) the installation in a gas distribution system of apparatus for measuring, controlling or varying the pressure, flow or volume of gas, and structures for housing such apparatus; (c) the construction in any storage area or protective area specified in an order made under section 4 of the Gas Act 1965 (storage authorisation orders)(65), and the erection or construction in any such area of any plant or machinery required in connection with the construction of such boreholes; (d) the placing and storage on land of pipes and other apparatus to be included in a main or pipe which is being or is about to be laid or constructed in pursuance of planning permission granted or deemed to be granted under Part 3 of the Act (control over development); (e) the erection on operational land of the gas transporter of a building solely for the protection of plant or machinery; (f) any other development carried out in, over or under the operational land of the gas transporter.",https://www.legislation.gov.uk/uksi/2015/596/schedule/2/part/15/crossheading/class-a-gas-transporters/made,,2020-12-31,Gas transporters,15A,,,1995-01-01,/permitted-development-right/15A
"Development by statutory undertakers for the generation, transmission, distribution or supply of electricity for the purposes of their undertaking consisting of: (a) the installation or replacement in, over or under land of an electric line and the construction of shafts and tunnels and the installation or replacement of feeder or service pillars or transforming or switching stations or chambers reasonably necessary in connection with an electric line; (b) the installation or replacement of any electronic communications line which connects any part of an electric line to any electrical plant or building, (c) the sinking of boreholes to ascertain the nature of the subsoil and the installation of any plant or machinery reasonably necessary in connection with such boreholes; (d) the extension or alteration of buildings on operational land; (e) the erection on operational land of the undertaking or a building solely for the protection of plant or machinery; (f) any other development carried out in, over or under the operational land of the undertaking",https://www.legislation.gov.uk/uksi/2015/596/schedule/2/part/15/crossheading/class-b-electricity-undertakings/made,,2020-12-31,Electricity undertakings,15B,,,1995-01-01,/permitted-development-right/15B
"Development by or on behalf of an electronic communications code operator for the purpose of the operator’s electronic communications network in, on, over or under land controlled by that operator or in accordance with the electronic communications code, consisting of: (a) the installation, (b) the use of land in an emergency for a period not exceeding 6 months to station and operate moveable electronic communications apparatus required for the replacement of unserviceable electronic communications apparatus, or (c) development ancillary to radio equipment housing.",https://www.legislation.gov.uk/uksi/2015/596/schedule/2/part/16/crossheading/class-a-electronic-communications-code-operators/made,,1995-01-01,Electronic communications code operators,16A,,,,/permitted-development-right/16A
"The installation, alteration or replacement on any building or other structure of a height of 15 metres or more of a microwave antenna and any structure intended for the support of a microwave antenna",https://www.legislation.gov.uk/uksi/2015/596/schedule/2/part/16/crossheading/class-b-other-telecommunications-development/made,,2020-12-31,Other telecommunications development,16B,,,1995-01-01,/permitted-development-right/16B
"The installation, alteration or replacement on any building or other structure of a height of less than 15 metres of a microwave antenna.",https://www.legislation.gov.uk/uksi/2015/596/schedule/2/part/16/crossheading/class-c-other-telecommunications-development-microwave-antenna/made,,2020-12-31,Other telecommunications development: microwave antenna,16C,,,1995-01-01,/permitted-development-right/16C
"The installation, alteration or replacement of system apparatus by or on behalf of a driver information system operator.",https://www.legislation.gov.uk/uksi/2015/596/schedule/2/part/16/crossheading/class-d-driver-information-systems/made,,2020-12-31,Driver information systems,16D,,,1995-01-01,/permitted-development-right/16D
"Development required for the purposes of a universal service provider (within the meaning of Part 3 of the Postal Services Act 2011(78)) in connection with the provision of a universal postal service (within the meaning of that Part) consisting of: (a) the installation of posting boxes or self-service machines, (b) any other development carried out in, over or under the operational land of the undertaking",https://www.legislation.gov.uk/uksi/2015/596/schedule/2/part/16/crossheading/class-e-universal-postal-service-providers/made,,2020-12-31,Universal postal service providers,16E,,,1995-01-01,/permitted-development-right/16E
"The carrying out of operations for the erection, extension, installation, rearrangement, replacement, repair or other alteration of any: (a) plant or machinery, (b) buildings, (c) private ways or private railways or sidings, (d) sewers, pipes, cables or other similar apparatus, on land used as a mine",https://www.legislation.gov.uk/uksi/2015/596/schedule/2/part/17/crossheading/class-a-extensions-alterations-etc-ancillary-to-mining-operations/made,,2020-12-31,"Extensions, alterations etc ancillary to mining operations",17A,,,1995-01-01,/permitted-development-right/17A
"The carrying out, on land used as a mine or on ancillary mining land of operations for the erection, installation, extension, rearrangement, replacement, repair or other alteration of any: (a) plant or machinery, (b) buildings, (c) structures or erections",https://www.legislation.gov.uk/uksi/2015/596/schedule/2/part/17/crossheading/class-b-other-developments-ancillary-to-mining-operations/made,,1995-01-01,Other developments ancillary to mining operations,17B,,,,/permitted-development-right/17B
The carrying out of development required for the maintenance or safety of a mine or a disused mine or for the purposes of ensuring the safety of the surface of the land at or adjacent to a mine or a disused mine,https://www.legislation.gov.uk/uksi/2015/596/schedule/2/part/17/crossheading/class-c-developments-for-maintenance-or-safety/made,,2020-12-31,Developments for maintenance or safety,17C,,,1995-01-01,/permitted-development-right/17C
"Development by a licensee of the Coal Authority, in a mine started before 1st July 1948, consisting of: (a) the winning and working underground of coal or coal-related minerals in a designated seam area; or (b) the carrying out of development underground which is required in order to gain access to and work coal or coal-related minerals in a designated seam area",https://www.legislation.gov.uk/uksi/2015/596/schedule/2/part/17/crossheading/class-d-coal-mining-development-by-the-coal-authority-and-licensed-operators/made,,1995-01-01,Coal mining development by the Coal Authority and licensed operators,17D,,,,/permitted-development-right/17D
"Development by a licensee of the British Coal Corporation, in a mine started before 1st July 1948, consisting of: (a) the winning and working underground of coal or coal-related minerals in a designated seam area; or (b) the carrying out of development underground which is required in order to gain access to and work coal or coal-related minerals in a designated seam area",https://www.legislation.gov.uk/uksi/2015/596/schedule/2/part/17/crossheading/class-e-coal-mining-development-by-a-licensee-of-the-british-coal-corporation/made,,1995-01-01,Coal mining development by a licensee of the British Coal Corporation,17E,,,,/permitted-development-right/17E
Any development required for the purposes of a mine which is carried out on an authorised site at that mine by a licensed operator in connection with coal-mining operations,https://www.legislation.gov.uk/uksi/2015/596/schedule/2/part/17/crossheading/class-f-coalmining-development-on-an-authorised-site/made,,2020-12-31,Coal-mining development on an authorised site,17F,,,1995-01-01,/permitted-development-right/17F
The carrying out by the Coal Authority or a licensed operator of development required for the maintenance or safety of a mine or a disused mine or for the purposes of ensuring the safety of the surface of the land at or adjacent to a mine or a disused mine,https://www.legislation.gov.uk/uksi/2015/596/schedule/2/part/17/crossheading/class-g-coalmining-development-by-the-coal-authority-etc-for-maintenance-or-safety/made,,2020-12-31,Coal-mining development by the Coal Authority etc for maintenance or safety,17G,,,1995-01-01,/permitted-development-right/17G
"The deposit, on premises used as a mine or on ancillary mining land already used for the purpose, of waste derived from the winning and working of minerals at that mine or from minerals brought to the surface at that mine, or from the treatment or the preparation for sale, consumption or utilization of minerals from the mine",https://www.legislation.gov.uk/uksi/2015/596/schedule/2/part/17/crossheading/class-h-waste-tipping-at-a-mine/made,,2020-12-31,Waste tipping at a mine,17H,,,1995-01-01,/permitted-development-right/17H
The deposit on land comprised in a site used for the deposit of waste materials or refuse on 1st July 1948 of waste resulting from coal-mining operations,https://www.legislation.gov.uk/uksi/2015/596/schedule/2/part/17/crossheading/class-i-waste-tipping-from-a-mine-on-sites-used-since-1948/made,,2020-12-31,Waste tipping from a mine on sites used since 1948,17I,,,1995-01-01,/permitted-development-right/17I
"Development on any land during a period not exceeding 28 consecutive days consisting of: (a) the drilling of boreholes; (b) the carrying out of seismic surveys; or (c) the making of other excavations, and the provision or assembly on that land or adjoining land of any structure required in connection with any of those operations",https://www.legislation.gov.uk/uksi/2015/596/schedule/2/part/17/crossheading/class-j-temporary-use-of-land-etc-for-mineral-exploration/made,,2020-12-31,Temporary use of land etc for mineral exploration,17J,,,1995-01-01,/permitted-development-right/17J
"Development on any land consisting of: (a) the drilling of boreholes; (b) the carrying out of seismic surveys; or (c) the making of other excavations, and the provision or assembly on that land or on adjoining land of any structure required in connection with any of those operations",https://www.legislation.gov.uk/uksi/2015/596/schedule/2/part/17/crossheading/class-k-use-of-land-etc-for-mineral-exploration/made,,2020-12-31,Use of land etc for mineral exploration,17K,,,1995-01-01,/permitted-development-right/17K
The removal of material of any description from a stockpile,https://www.legislation.gov.uk/uksi/2015/596/schedule/2/part/17/crossheading/class-l-removal-of-material-from-a-stockpile/made,,2020-12-31,Removal of material from a stockpile,17L,,,1995-01-01,/permitted-development-right/17L
The removal of material of any description from a mineral-working deposit other than a stockpile,https://www.legislation.gov.uk/uksi/2015/596/schedule/2/part/17/crossheading/class-m-removal-of-material-from-mineralworking-deposits/made,,2020-12-31,Removal of material from mineral-working deposits,17M,,,1995-01-01,/permitted-development-right/17M
"Development authorised by: (a) a local or private Act of Parliament, (b) an order approved by both Houses of Parliament, (c) an order under section 14 or 16 of the Harbours Act 1964 (orders for securing harbour efficiency etc, construction etc of harbours)(97), which designates specifically the nature of the development authorised and the land upon which it may be carried out",https://www.legislation.gov.uk/uksi/2015/596/schedule/2/part/18/crossheading/class-a-development-under-local-or-private-acts-or-order/made,,2020-12-31,Development under local or private Acts or Order,18A,,,1995-01-01,/permitted-development-right/18A
"Development on land used as an amusement park consisting of: (a) the erection of booths or stalls or the installation of plant or machinery to be used for or in connection with the entertainment of the public within the amusement park; or (b) the extension, plant or machinery so used",https://www.legislation.gov.uk/uksi/2015/596/schedule/2/part/18/crossheading/class-b-development-at-amusement-parks/made,,2020-12-31,Development at amusement parks,18B,,,1995-01-01,/permitted-development-right/18B
"The erection or construction and the maintenance, improvement or other alteration by or on behalf of the Crown of: (a) any small ancillary building, (b) lamp standards, passenger shelters, shelters and seats, telephone boxes, fire alarms, drinking fountains, refuse bins or baskets, barriers for the control of people and vehicles, and similar structures or works required in connection with the operational purposes of the Crown",https://www.legislation.gov.uk/uksi/2015/596/schedule/2/part/19/crossheading/class-a-general-development-by-the-crown/made,,2020-12-31,General development by the Crown,19A,,,1995-01-01,/permitted-development-right/19A
The extension or alteration by or on behalf of the Crown of an operational Crown building,https://www.legislation.gov.uk/uksi/2015/596/schedule/2/part/19/crossheading/class-b-extension-or-alteration-of-an-operational-crown-building/made,,2020-12-31,Extension or alteration of an operational Crown building,19B,,,1995-01-01,/permitted-development-right/19B
"Development carried out by or on behalf of the Crown on operational Crown land for operational purposes consisting of: (a) the installation of additional or replacement plant or machinery; (b) the provision, main, pipe, cable or other apparatus; or (c) the provision, private railway, siding or conveyor",https://www.legislation.gov.uk/uksi/2015/596/schedule/2/part/19/crossheading/class-c-developments-on-operational-crown-land/made,,2020-12-31,Developments on operational Crown land,19C,,,1995-01-01,/permitted-development-right/19C
The provision by or on behalf of the Crown of a hard surface within the curtilage of an operational Crown building,https://www.legislation.gov.uk/uksi/2015/596/schedule/2/part/19/crossheading/class-d-hard-surfaces-for-operational-crown-buildings/made,,2020-12-31,Hard surfaces for operational Crown buildings,19D,,,1995-01-01,/permitted-development-right/19D
"The carrying out on operational Crown land, by or on behalf of the Crown, of development (including the erection or alteration of an operational building) in connection with the provision of services and facilities at an airbase",https://www.legislation.gov.uk/uksi/2015/596/schedule/2/part/19/crossheading/class-e-development-on-operational-crown-land-relating-to-an-airbase/made,,2020-12-31,Development on operational Crown land relating to an airbase,19E,,,1995-01-01,/permitted-development-right/19E
"The carrying out on operational land within the perimeter of an airbase, by or on behalf of the Crown, of development in connection with the provision of air traffic services",https://www.legislation.gov.uk/uksi/2015/596/schedule/2/part/19/crossheading/class-f-development-on-operational-land-within-an-airbase/made,,2020-12-31,Development on operational land within an airbase,19F,,,1995-01-01,/permitted-development-right/19F
"The carrying out on operational land outside but within 8 kilometres of the perimeter of an airbase, by or on behalf of the Crown, of development in connection with the provision of air traffic services",https://www.legislation.gov.uk/uksi/2015/596/schedule/2/part/19/crossheading/class-g-development-on-operational-land-outside-an-airbase/made,,2020-12-31,Development on operational land outside an airbase,19G,,,1995-01-01,/permitted-development-right/19G
"The carrying out on operational land, by or on behalf of the Crown, of development in connection with the provision of air traffic services",https://www.legislation.gov.uk/uksi/2015/596/schedule/2/part/19/crossheading/class-h-development-on-operational-land-by-the-crown-connected-with-air-traffic-services/made,,2020-12-31,Development on operational land by the Crown connected with air traffic services,19H,,,1995-01-01,/permitted-development-right/19H
The use of land by or on behalf of the Crown in an emergency to station moveable apparatus replacing unserviceable apparatus in connection with the provision of air traffic services,https://www.legislation.gov.uk/uksi/2015/596/schedule/2/part/19/crossheading/class-i-emergency-use-of-land-by-the-crown-connected-with-air-traffic-services/made,,2020-12-31,Emergency use of land by the Crown connected with air traffic services,19I,,,1995-01-01,/permitted-development-right/19I
The use of land by or on behalf of the Crown to provide services and facilities in connection with the provision of air traffic services and the erection or placing of moveable structures on the land for the purposes of that use,https://www.legislation.gov.uk/uksi/2015/596/schedule/2/part/19/crossheading/class-j-use-of-land-etc-by-the-crown-connected-with-air-traffic-services/made,,2020-12-31,Use of land etc by the Crown connected with air traffic services,19J,,,1995-01-01,/permitted-development-right/19J
The use of land by or on behalf of the Crown for the stationing and operation of apparatus in connection with the carrying out of surveys or investigations,https://www.legislation.gov.uk/uksi/2015/596/schedule/2/part/19/crossheading/class-k-use-of-land-by-the-crown-in-relation-to-surveys-etc/made,,2020-12-31,Use of land by the Crown in relation to surveys etc,19K,,,1995-01-01,/permitted-development-right/19K
The use of buildings by or on behalf of the Crown within the perimeter of an airbase for purposes connected with air transport services or other flying activities at that airbase,https://www.legislation.gov.uk/uksi/2015/596/schedule/2/part/19/crossheading/class-l-use-of-buildings-by-the-crown-on-an-airbase-connected-to-air-transport-services-etc/made,,2020-12-31,Use of buildings by the Crown on an airbase connected to air transport services etc,19L,,,1995-01-01,/permitted-development-right/19L
"Development by or on behalf of the Crown on operational Crown land, required in connection with the movement of traffic by rail",https://www.legislation.gov.uk/uksi/2015/596/schedule/2/part/19/crossheading/class-m-development-by-the-crown-on-operational-crown-land-connected-to-rail/made,,2020-12-31,Development by the Crown on operational Crown land connected to rail,19M,,,1995-01-01,/permitted-development-right/19M
"Development by or on behalf of the Crown or its lessees on operational Crown land where the development is required: (a) for the purposes of shipping; or (b) at a dock, pontoon or harbour in connection with the embarking, disembarking, loading, discharging or transport of military or civilian personnel, military equipment, munitions, or other items.",https://www.legislation.gov.uk/uksi/2015/596/schedule/2/part/19/crossheading/class-n-development-by-the-crown-on-operational-crown-land-connected-to-shipping-etc/made,,2020-12-31,Development by the Crown on operational Crown land connected to shipping etc,19N,,,1995-01-01,/permitted-development-right/19N
"The use of any land by or on behalf of the Crown for the spreading of any dredged material resulting from a dock, pier, harbour, water transport, canal or inland navigation undertaking",https://www.legislation.gov.uk/uksi/2015/596/schedule/2/part/19/crossheading/class-o-use-of-land-by-the-crown-for-spreading-of-dredged-material/made,,2020-12-31,Use of land by the Crown for spreading of dredged material,19O,,,1995-01-01,/permitted-development-right/19O
"Development by or on behalf of the Crown on operational Crown land, or for operational purposes, consisting of: (a) the use of the land as a lighthouse, roads and appurtenances; (b) the extension of, or removal of a lighthouse; or (c) the erection, alteration or removal of a buoy or beacon.",https://www.legislation.gov.uk/uksi/2015/596/schedule/2/part/19/crossheading/class-p-development-by-the-crown-on-operational-crown-land-etc-relating-to-aids-to-shipping/made,,2020-12-31,Development by the Crown on operational Crown land etc relating to aids to shipping,19P,,,1995-01-01,/permitted-development-right/19P
"Development by or on behalf of the Crown on Crown land for the purposes of: (a) preventing an emergency; (b) reducing, (c) taking other action in connection with an emergenc",https://www.legislation.gov.uk/uksi/2015/596/schedule/2/part/19/crossheading/class-q-development-by-the-crown-relating-to-an-emergency/made,,1995-01-01,Development by the Crown relating to an emergency,19Q,,,,/permitted-development-right/19Q
"The erection, construction, maintenance, improvement or alteration of a gate, fence, wall or other means of enclosure by or on behalf of the Crown on Crown land for national security purposes",https://www.legislation.gov.uk/uksi/2015/596/schedule/2/part/19/crossheading/class-r-erection-etc-of-gates-fences-etc-by-the-crown-for-national-security-purposes/made,,2020-12-31,"Erection etc of gates, fences etc by the Crown for national security purposes",19R,,,1995-01-01,/permitted-development-right/19R
"The installation, alteration or replacement by or on behalf of the Crown on Crown land of a closed circuit television camera and associated lighting for national security purposes",https://www.legislation.gov.uk/uksi/2015/596/schedule/2/part/19/crossheading/class-s-closed-circuit-television-cameras-for-national-security-purposes/made,,2020-12-31,Closed circuit television cameras for national security purposes,19S,,,1995-01-01,/permitted-development-right/19S
"Development by or on behalf of the Crown for national security purposes in, on, over or under Crown land, consisting of: (a) the installation, (b) the use of land in an emergency for a period not exceeding 6 months to station and operate moveable electronic communications apparatus required for the replacement of unserviceable electronic communications apparatus, (c) development ancillary to radio equipment housing",https://www.legislation.gov.uk/uksi/2015/596/schedule/2/part/19/crossheading/class-t-electronic-communication-apparatus-etc-for-national-security-purposes/made,,1995-01-01,Electronic communication apparatus etc for national security purpose,19T,,,,/permitted-development-right/19T
"The enlargement, improvement or other alteration of a dwellinghouse",https://www.legislation.gov.uk/uksi/2015/596/schedule/2/part/1/crossheading/class-a-enlargement-improvement-or-other-alteration-of-a-dwellinghouse/made,,2020-12-31,"Enlargement, improvement or other alteration of a dwellinghouse",1A,,,1995-01-01,/permitted-development-right/1A
The enlargement of a dwellinghouse consisting of an addition or alteration to its roof,https://www.legislation.gov.uk/uksi/2015/596/schedule/2/part/1/crossheading/class-b-additions-etc-to-the-roof-of-a-dwellinghouse/made,,2020-12-31,Additions etc to the roof of a dwellinghouse,1B,,,1995-01-01,/permitted-development-right/1B
Any other alteration to the roof of a dwellinghouse,https://www.legislation.gov.uk/uksi/2015/596/schedule/2/part/1/crossheading/class-c-other-alterations-to-the-roof-of-a-dwellinghouse/made,,2020-12-31,Other alterations to the roof of a dwellinghouse,1C,,,1995-01-01,/permitted-development-right/1C
The erection or construction of a porch outside any external door of a dwellinghouse,https://www.legislation.gov.uk/uksi/2015/596/schedule/2/part/1/crossheading/class-d-porches/made,,2020-12-31,Porches,1D,,,1995-01-01,/permitted-development-right/1D
"The provision within the curtilage of the dwellinghouse of: (a) any building or enclosure, swimming or other pool required for a purpose incidental to the enjoyment of the dwellinghouse as such, or the maintenance, improvement or other alteration of such a building or enclosure; (b) a container used for domestic heating purposes for the storage of oil or liquid petroleum gas.",https://www.legislation.gov.uk/uksi/2015/596/schedule/2/part/1/crossheading/class-e-buildings-etc-incidental-to-the-enjoyment-of-a-dwellinghouse/made,,2020-12-31,Buildings etc incidental to the enjoyment of a dwellinghouse,1E,,,1995-01-01,/permitted-development-right/1E
Development consisting of: (a) the provision within the curtilage of a dwellinghouse of a hard surface for any purpose incidental to the enjoyment of the dwellinghouse as such; (b) the replacement in whole or in part of such a surface.,https://www.legislation.gov.uk/uksi/2015/596/schedule/2/part/1/crossheading/class-f-hard-surfaces-incidental-to-the-enjoyment-of-a-dwellinghouse/made,,2020-12-31,Hard surfaces incidental to the enjoyment of a dwellinghouse,1F,,,1995-01-01,/permitted-development-right/1F
"The installation, alteration or replacement of a chimney, flue or soil and vent pipe on a dwellinghouse",https://www.legislation.gov.uk/uksi/2015/596/schedule/2/part/1/crossheading/class-g-chimneys-flues-etc-on-a-dwellinghouse/made,,2020-12-31,"Chimneys, flues etc on a dwellinghouse",1G,,,1995-01-01,/permitted-development-right/1G
"The installation, alteration or replacement of a microwave antenna on a dwellinghouse or within the curtilage of a dwellinghouse",https://www.legislation.gov.uk/uksi/2015/596/schedule/2/part/1/crossheading/class-h-microwave-antenna-on-a-dwellinghouse/made,,2020-12-31,Microwave antenna on a dwellinghouse,1H,,,1995-01-01,/permitted-development-right/1H
"The erection, construction, maintenance, improvement or alteration of a gate, fence, wall or other means of enclosure",https://www.legislation.gov.uk/uksi/2015/596/schedule/2/part/2/crossheading/class-a-gates-fences-walls-etc/made,,2020-12-31,"Gates, fences, walls etc",2A,,,1995-01-01,/permitted-development-right/2A
"The formation, laying out and construction of a means of access to a highway which is not a trunk road or a classified road, where that access is required in connection with development permitted by any Class in this Schedule (other than by Class A of this Part).",https://www.legislation.gov.uk/uksi/2015/596/schedule/2/part/2/crossheading/class-b-means-of-access-to-a-highway/made,,2020-12-31,Means of access to a highway,2B,,,1995-01-01,/permitted-development-right/2B
The painting of the exterior of any building or work,https://www.legislation.gov.uk/uksi/2015/596/schedule/2/part/2/crossheading/class-c-exterior-painting/made,,2020-12-31,Exterior painting,2C,,,1995-01-01,/permitted-development-right/2C
"The installation, alteration or replacement, within an area lawfully used for off-street parking, of an electrical outlet mounted on a wall for recharging electric vehicles",https://www.legislation.gov.uk/uksi/2015/596/schedule/2/part/2/crossheading/class-d-electrical-outlet-for-recharging-vehicles/made,,2020-12-31,Electrical outlet for recharging vehicles,2D,,,1995-01-01,/permitted-development-right/2D
"The installation, alteration or replacement, within an area lawfully used for off-street parking, of an upstand with an electrical outlet mounted on it for recharging electric vehicles",https://www.legislation.gov.uk/uksi/2015/596/schedule/2/part/2/crossheading/class-e-electrical-upstand-for-recharging-vehicles/made,,2020-12-31,Electrical upstand for recharging vehicles,2E,,,1995-01-01,/permitted-development-right/2E
"The installation, alteration or replacement on a building of a closed circuit television camera to be used for security purposes",https://www.legislation.gov.uk/uksi/2015/596/schedule/2/part/2/crossheading/class-f-closed-circuit-television-cameras/made,,2020-12-31,Closed circuit television cameras,2F,,,1995-01-01,/permitted-development-right/2F
"Development consisting of a change of use of a building from a use falling within Class A3 (restaurants and cafes), A4 (drinking establishments) or A5 (hot food takeaways) of the Schedule to the Use Classes Order, to a use falling within Class A1 (shops) or Class A2 (financial and professional services) of that Schedule.",https://www.legislation.gov.uk/uksi/2015/596/schedule/2/part/3/crossheading/class-a-restaurants-cafes-takeaways-or-pubs-to-retail/made,,2020-12-31,"Restaurants, cafes, takeaways or pubs to retail",3A,,,1995-01-01,/permitted-development-right/3A
"Development consisting of a change of use of a building from a use falling within Class A4 (drinking establishments) or Class A5 (hot food takeaways) of the Schedule to the Use Classes Order, to a use falling within Class A3 (restaurants and cafes) of that Schedule.",https://www.legislation.gov.uk/uksi/2015/596/schedule/2/part/3/crossheading/class-b-takeaways-or-pubs-to-restaurants-and-cafes/made,,2020-12-31,Takeaways or pubs to restaurants and cafes,3B,,,1995-01-01,/permitted-development-right/3B
"Development consisting of: (a) a change of use of a building from a use, (i) falling within Class A1 (shops) or Class A2 (financial and professional services) of the Schedule to the Use Classes Order, (ii) as a betting office or pay day loan shop, or (iii) as a casino,to a use falling within Class A3 (restaurants and cafes) of the Schedule to the Use Classes Order; (b) building or other operations for the provision of facilities for (i) ventilation and extraction (including the provision of an external flue), and (ii) the storage of rubbish,reasonably necessary to use the building for a use falling within Class A3 (restaurants and cafes) of that Schedule.",https://www.legislation.gov.uk/uksi/2015/596/schedule/2/part/3/crossheading/class-c-retail-betting-office-or-pay-day-loan-shop-or-casino-to-restaurant-or-cafe/made,,2020-12-31,"Retail, betting office or pay day loan shop or casino to restaurant or cafe",3C,,,1995-01-01,/permitted-development-right/3C
"Development consisting of a change of use of a building within its curtilage from a use falling within Class A1 (shops) of the Schedule to the Use Classes Order, to use falling within Class A2 (financial and professional services) of that Schedule",https://www.legislation.gov.uk/uksi/2015/596/schedule/2/part/3/crossheading/class-d-shops-to-financial-and-professional/made,,2020-12-31,Shops to financial and professional,3D,,,1995-01-01,/permitted-development-right/3D
"Development consisting of a change of use of a building with a display window at ground floor level from: (a) a use falling within Class A2 (financial and professional services) of the Schedule to the Use Classes Order, or (b)a use as a betting office or a pay day loan shop, to a use falling within Class A1 (shops) of the Schedule to the Use Classes Order.",https://www.legislation.gov.uk/uksi/2015/596/schedule/2/part/3/crossheading/class-e-financial-and-professional-or-betting-office-or-pay-day-loan-shop-to-shops/made,,2020-12-31,Financial and professional or betting office or pay day loan shop to shops,3E,,,1995-01-01,/permitted-development-right/3E
Development consisting of a change of use of a building from a use as a betting office or a pay day loan shop to a use falling within Class A2 (financial and professional services) of the Schedule to the Use Classes Order,https://www.legislation.gov.uk/uksi/2015/596/schedule/2/part/3/crossheading/class-f-betting-offices-or-pay-day-loan-shops-to-financial-and-professional/made,,2020-12-31,Betting offices or pay day loan shops to financial and professional,3F,,,1995-01-01,/permitted-development-right/3F
"Development consisting of a change of use of a building: (a) from a use for any purpose within Class A1 (shops) of the Schedule to the Use Classes Order, (b) from a use for any purpose within Class A1 (shops) of the Schedule to the Use Classes Order, (c) from a use — (i) for any purpose within Class A2 (financial and professional services) of the Schedule to the Use Classes Order, (ii) as a betting office or a pay day loan shop, (d) where that building has a display window at ground floor level, (i) for any purpose within Class A2 (financial and professional services) of the Schedule to the Use Classes Order, (ii) as a betting office or a pay day loan shop, (e) from a use as a betting office or a pay day loan shop to a mixed use as a betting office or a pay day loan shop and as up to 2 flats.",https://www.legislation.gov.uk/uksi/2015/596/schedule/2/part/3/crossheading/class-g-retail-or-betting-office-or-pay-day-loan-shop-to-mixed-use/made,,1995-01-01,Retail or betting office or pay day loan shop to mixed use,3G,,,,/permitted-development-right/3G
"Development consisting of a change of use of a building: (a) from a mixed use for any purpose within Class A1 (shops) of the Schedule to the Use Classes Order and as up to 2 flats, (b) from a mixed use for any purpose within Class A1 (shops) of the Schedule to the Use Classes Order and as up to 2 flats, (c) from a mixed use— (i) for any purpose within Class A2 (financial and professional services) of the Schedule to the Use Classes Order and as up to 2 flats, (ii) as a betting office or pay day loan shop and as up to 2 flats, (d) where that building has a display window at ground floor level, (i) within Class A2 (financial and professional services) of the Schedule to the Use Classes Order and as up to 2 flats, (ii) as a betting office or pay day loan shop and as up to 2 flats, (e) from a mixed use as a betting office or pay day loan shop and as up to 2 flats to a use as a betting office or pay day loan shop.",https://www.legislation.gov.uk/uksi/2015/596/schedule/2/part/3/crossheading/class-h-mixed-use-to-retail/made,,1995-01-01,Mixed use to retail,3H,,,,/permitted-development-right/3H
"Development consisting of a change of use of a building: (a) from any use falling within Class B2 (general industrial) or B8 (storage or distribution) of the Schedule to the Use Classes Order, (b) from any use falling within Class B1 (business) or B2 (general industrial) of the Schedule to the Use Classes Order,2020-12-31,1995,,/permitted-development-right/3I 3J,https://www.legislation.gov.uk/uksi/2015/596/schedule/2/part/3/crossheading/class-j-retail-or-betting-office-or-pay-day-loan-shop-to-assembly-and-leisure/made,3,Changes of use,J,Retail or betting office or pay day loan shop to assembly and leisure,Development consisting of a change of use of a building from a use:",https://www.legislation.gov.uk/uksi/2015/596/schedule/2/part/3/crossheading/class-i-industrial-and-general-business-conversions/made,,2021-03-24,Industrial and general business conversions,3I,,,,/permitted-development-right/3I
Development consisting of a change of use of a building from a use as a casino to a use falling within Class D2 (assembly and leisure) of the Schedule to the Use Classes Order.,https://www.legislation.gov.uk/uksi/2015/596/schedule/2/part/3/crossheading/class-k-casinos-to-assembly-and-leisure/made,,2020-12-31,Casinos to assembly and leisure,3K,,,1995-01-01,/permitted-development-right/3K
"Development consisting of a change of use of a building: (a) from a use falling within Class C4 (houses in multiple occupation) of the Schedule to the Use Classes Order, (b) from a use falling within Class C3 (dwellinghouses) of the Schedule to the Use Classes Order,2020-12-31,1995,,/permitted-development-right/3L 3M,https://www.legislation.gov.uk/uksi/2015/596/schedule/2/part/3/crossheading/class-m-retail-or-betting-office-or-pay-day-loan-shop-to-dwellinghouses/made,3,Changes of use,M,Retail or betting office or pay day loan shop to dwellinghouses,Development consisting of:",https://www.legislation.gov.uk/uksi/2015/596/schedule/2/part/3/crossheading/class-l-small-hmos-to-dwellinghouses-and-vice-versa/made,,2021-03-24,Small HMOs to dwellinghouses and vice versa,3L,,,,/permitted-development-right/3L
"Development consisting of: (a) a change of use of a building and any land within its curtilage from a use as— (i) an amusement arcade or centre, (ii) a casino, (b) building operations reasonably necessary to convert the building referred to in paragraph (a) to a use falling within Class C3 (dwellinghouses) of that Schedule.",https://www.legislation.gov.uk/uksi/2015/596/schedule/2/part/3/crossheading/class-n-specified-sui-generis-uses-to-dwellinghouses/made,,1995-01-01,Specified sui generis uses to dwellinghouses,3N,,,,/permitted-development-right/3N
"Development consisting of a change of use of a building and any land within its curtilage from a use falling within Class B1(a) (offices) of the Schedule to the Use Classes Order, to a use falling within Class C3 (dwellinghouses) of that Schedule.",https://www.legislation.gov.uk/uksi/2015/596/schedule/2/part/3/crossheading/class-o-offices-to-dwellinghouses/made,,2020-12-31,Offices to dwellinghouses,3O,,,1995-01-01,/permitted-development-right/3O
Development consisting of a change of use of a building and any land within its curtilage from a use falling within Class B8 (storage or distribution centre) of the Schedule to the Use Classes Order to a use falling within Class C3 (dwellinghouses) of that Schedule,https://www.legislation.gov.uk/uksi/2015/596/schedule/2/part/3/crossheading/class-p-storage-or-distribution-centre-to-dwellinghouses/made,,2020-12-31,Storage or distribution centre to dwellinghouses,3P,,,1995-01-01,/permitted-development-right/3P
Development consisting of: (a) a change of use of a building and any land within its curtilage from a use as an agricultural building to a use falling within Class C3 (dwellinghouses) of the Schedule to the Use Classes Order; and (b) building operations reasonably necessary to convert the building referred to in paragraph (a) to a use falling within Class C3 (dwellinghouses) of that Schedule,https://www.legislation.gov.uk/uksi/2015/596/schedule/2/part/3/crossheading/class-q-agricultural-buildings-to-dwellinghouses/made,,1995-01-01,Agricultural buildings to dwellinghouses,3Q,,,,/permitted-development-right/3Q
"Development consisting of a change of use of a building and any land within its curtilage from a use as an agricultural building to a flexible use falling within Class A1 (shops), Class A2 (financial and professional services), Class A3 (restaurants and cafes), Class B1 (business), Class B8 (storage or distribution), Class C1 (hotels) or Class D2 (assembly and leisure) of the Schedule to the Use Classes Order.",https://www.legislation.gov.uk/uksi/2015/596/schedule/2/part/3/crossheading/class-r-agricultural-buildings-to-a-flexible-commercial-use/made,,2020-12-31,Agricultural buildings to a flexible commercial use,3R,,,1995-01-01,/permitted-development-right/3R
Development consisting of a change of use of a building and any land within its curtilage from a use as an agricultural building to use as a state-funded school or a registered nursery,https://www.legislation.gov.uk/uksi/2015/596/schedule/2/part/3/crossheading/class-s-agricultural-buildings-to-statefunded-school-or-registered-nursery/made,,2020-12-31,Agricultural buildings to state-funded school or registered nursery,3S,,,1995-01-01,/permitted-development-right/3S
"Development consisting of a change of use of a building and any land within its curtilage from a use falling within Class B1 (business), Class C1 (hotels), Class C2 (residential institutions), Class C2A (secure residential institutions) or Class D2 (assembly and leisure) of the Schedule to the Use Classes Order, to use as a state-funded school or a registered nursery.",https://www.legislation.gov.uk/uksi/2015/596/schedule/2/part/3/crossheading/class-t-business-hotels-etc-to-statefunded-schools-or-registered-nursery/made,,2020-12-31,"Business, hotels etc to state-funded schools or registered nursery",3T,,,1995-01-01,/permitted-development-right/3T
Development consisting of a change of use of land from a use permitted by Class T to the previous lawful use of the land,https://www.legislation.gov.uk/uksi/2015/596/schedule/2/part/3/crossheading/class-u-return-to-previous-use-from-converted-statefunded-school-or-registered-nursery/made,,2020-12-31,Return to previous use from converted state-funded school or registered nursery,3U,,,1995-01-01,/permitted-development-right/3U
"Development consisting of a change of use of a building or other land from a use permitted by planning permission granted on an application, to another use which that permission would have specifically authorised when it was granted.",https://www.legislation.gov.uk/uksi/2015/596/schedule/2/part/3/crossheading/class-v-changes-of-use-permitted-under-a-permission-granted-on-an-application/made,,2020-12-31,Changes of use permitted under a permission granted on an application,3V,,,1995-01-01,/permitted-development-right/3V
"The provision on land of buildings, moveable structures, works, plant or machinery required temporarily in connection with and for the duration of operations being or to be carried out on, in, under or over that land or on land adjoining that land",https://www.legislation.gov.uk/uksi/2015/596/schedule/2/part/4/crossheading/class-a-temporary-buildings-and-structures/made,,2020-12-31,Temporary buildings and structures,4A,,,1995-01-01,/permitted-development-right/4A
"The use of any land for any purpose for not more than 28 days in total in any calendar year, of which not more than 14 days in total may be for the purposes of: (a) the holding of a market; (b) motor car and motorcycle racing including trials of speed, and the provision on the land of any moveable structure for the purposes of the permitted use.",https://www.legislation.gov.uk/uksi/2015/596/schedule/2/part/4/crossheading/class-b-temporary-use-of-land/made,,1995-01-01,Temporary use of land,4B,,,,/permitted-development-right/4B
The use of a building and any land within its curtilage as a state-funded school for a single academic year,https://www.legislation.gov.uk/uksi/2015/596/schedule/2/part/4/crossheading/class-c-use-as-a-statefunded-school-for-a-single-academic-year/made,,2020-12-31,Use as a state-funded school for a single academic year,4C,,,1995-01-01,/permitted-development-right/4C
"Development consisting of a change of use of a building and any land within its curtilage: (a) from — (i) a use falling within Class A1 (shops), Class A3 (restaurants and cafes), Class A4 (drinking establishments), Class A5 (hot food takeaways), Class B1 (business), Class D1 (non-residential institutions) and Class D2 (assembly and leisure) of the Schedule to the Use Classes Order, or (ii) a use as a betting office or pay day loan shop, (b) to a flexible use falling within Class A1 (shops), Class A3 (restaurants and cafes) or Class B1 (business) of that Schedule, for a single continuous period of up to 2 years beginning on the date the building and any land within its curtilage begins to be used for the flexible use or on the date given in the notice under paragraph D.2(a), whichever is the earlier.",https://www.legislation.gov.uk/uksi/2015/596/schedule/2/part/4/crossheading/class-d-shops-financial-cafes-takeaways-pubs-etc-to-temporary-flexible-use/made,,2020-12-31,"Shops, financial, cafes, takeaways, pubs etc to temporary flexible use",4D,,,1995-01-01,/permitted-development-right/4D
"Development consisting of: (a) the temporary use of any land or buildings for a period not exceeding 9 months in any 27 month period for the purpose of commercial film-making; and (b) the provision on such land, of any temporary structures, works, plant or machinery required in connection with that use.",https://www.legislation.gov.uk/uksi/2015/596/schedule/2/part/4/crossheading/class-e-temporary-use-of-buildings-or-land-for-filmmaking-purposes/made,,2020-12-31,Temporary use of buildings or land for film-making purposes,4E,,,1995-01-01,/permitted-development-right/4E
"The use of land, other than a building, as a caravan site in the circumstances referred to in paragraph A.2.",https://www.legislation.gov.uk/uksi/2015/596/schedule/2/part/5/crossheading/class-a-use-of-land-as-caravan-site/made,,2020-12-31,Use of land as caravan site,5A,,,1995-01-01,/permitted-development-right/5A
Development required by the conditions of a site licence for the time being in force under the 1960 Act.,https://www.legislation.gov.uk/uksi/2015/596/schedule/2/part/5/crossheading/class-b-development-on-caravan-site-required-by-conditions/made,,2020-12-31,Development on caravan site required by conditions,5B,,,1995-01-01,/permitted-development-right/5B
"The use of land by members of a recreational organisation for the purposes of recreation or instruction, and the erection or placing of tents on the land for the purposes of the use",https://www.legislation.gov.uk/uksi/2015/596/schedule/2/part/5/crossheading/class-c-use-of-land-by-members-of-certain-recreational-organisations/made,,2020-12-31,Use of land by members of certain recreational organisations,5C,,,1995-01-01,/permitted-development-right/5C
"The carrying out on agricultural land comprised in an agricultural unit of 5 hectares or more in area of: (a) works for the erection, (b) any excavation or engineering operations,2020-12-31,1995,,/permitted-development-right/6A 6B,https://www.legislation.gov.uk/uksi/2015/596/schedule/2/part/6/crossheading/class-b-agricultural-development-on-units-of-less-than-5-hectares/made,6,Agricultural and forestry,B,Agricultural development on units of less than 5 hectares,The carrying out on agricultural land comprised in an agricultural unit",https://www.legislation.gov.uk/uksi/2015/596/schedule/2/part/6/crossheading/class-a-agricultural-development-on-units-of-5-hectares-or-more/made,,2021-03-24,Agricultural development on units of 5 hectares or more,6A,,,,/permitted-development-right/6A
The winning and working on land held or occupied with land used for the purposes of agriculture of any minerals reasonably necessary for agricultural purposes within the agricultural unit of which it forms part,https://www.legislation.gov.uk/uksi/2015/596/schedule/2/part/6/crossheading/class-c-mineral-working-for-agricultural-purposes/made,,2020-12-31,Mineral working for agricultural purposes,6C,,,1995-01-01,/permitted-development-right/6C
"The carrying out on land used for the purposes of forestry, including afforestation, of development reasonably necessary for those purposes consisting of: (a) works for the erection, (b) the formation, (c) operations on that land, to obtain the materials required for the formation, alteration or maintenance of such ways; (d) other operations (not including engineering or mining operations)",https://www.legislation.gov.uk/uksi/2015/596/schedule/2/part/6/crossheading/class-e-forestry-developments/made,,1995-01-01,Forestry developments,6E,,,,/permitted-development-right/6E
The extension or alteration of a shop or financial or professional services establishment,https://www.legislation.gov.uk/uksi/2015/596/schedule/2/part/7/crossheading/class-a-extensions-etc-of-shops-or-financial-or-professional-premises/made,,2020-12-31,Extensions etc of shops or financial or professional premises,7A,,,1995-01-01,/permitted-development-right/7A
The erection or construction of a trolley store within the curtilage of a shop,https://www.legislation.gov.uk/uksi/2015/596/schedule/2/part/7/crossheading/class-b-construction-of-shop-trolley-stores/made,,2020-12-31,Construction of shop trolley stores,7B,,,1995-01-01,/permitted-development-right/7B
Development consisting of the erection or construction of a collection facility within the curtilage of a shop,https://www.legislation.gov.uk/uksi/2015/596/schedule/2/part/7/crossheading/class-c-click-and-collect-facilities/made,,2020-12-31,Click and collect facilities,7C,,,1995-01-01,/permitted-development-right/7C
Development consisting of modification of a loading bay of a shop,https://www.legislation.gov.uk/uksi/2015/596/schedule/2/part/7/crossheading/class-d-modification-of-shop-loading-bays/made,,2020-12-31,Modification of shop loading bays,7D,,,1995-01-01,/permitted-development-right/7D
"Development consisting of: (a) the provision of a hard surface within the curtilage of a shop or catering, (b) the replacement in whole or in part of such a surface",https://www.legislation.gov.uk/uksi/2015/596/schedule/2/part/7/crossheading/class-e-hard-surfaces-for-shops-catering-or-financial-or-professional-premises/made,,1995-01-01,"Hard surfaces for shops, catering or financial or professional premises",7E,,,,/permitted-development-right/7E
The extension or alteration of an office building,https://www.legislation.gov.uk/uksi/2015/596/schedule/2/part/7/crossheading/class-f-extensions-etc-of-office-buildings/made,,2020-12-31,Extensions etc of office buildings,7F,,,1995-01-01,/permitted-development-right/7F
Development consisting of: (a) the provision of a hard surface within the curtilage of an office building to be used for the purpose of the office concerned; or (b) the replacement in whole or in part of such a surface,https://www.legislation.gov.uk/uksi/2015/596/schedule/2/part/7/crossheading/class-g-hard-surfaces-for-office-buildings/made,,1995-01-01,Hard surfaces for office buildings,7G,,,,/permitted-development-right/7G
"The erection, extension or alteration of an industrial building or a warehouse",https://www.legislation.gov.uk/uksi/2015/596/schedule/2/part/7/crossheading/class-h-extensions-etc-of-industrial-and-warehouse/made,,2020-12-31,Extensions etc of industrial and warehouse,7H,,,1995-01-01,/permitted-development-right/7H
"Development carried out on industrial land for the purposes of an industrial process consisting of: (a) the installation of additional or replacement plant or machinery; (b) the provision, main, pipe, cable or other apparatus, or (c) the provision, private railway, siding or conveyor",https://www.legislation.gov.uk/uksi/2015/596/schedule/2/part/7/crossheading/class-i-developments-relating-to-an-industrial-process/made,,2020-12-31,Developments relating to an industrial process,7I,,,1995-01-01,/permitted-development-right/7I
Development consisting of: (a) the provision of a hard surface within the curtilage of an industrial building or warehouse to be used for the purpose of the undertaking concerned; or (b) the replacement in whole or in part of such a surface,https://www.legislation.gov.uk/uksi/2015/596/schedule/2/part/7/crossheading/class-j-hard-surfaces-for-industrial-and-warehouse-premises/made,,1995-01-01,Hard surfaces for industrial and warehouse premises,7J,,,,/permitted-development-right/7J
The deposit of waste material resulting from an industrial process on any land comprised in a site which was used for that purpose on 1st July 1948 whether or not the superficial area or the height of the deposit is extended as a result,https://www.legislation.gov.uk/uksi/2015/596/schedule/2/part/7/crossheading/class-k-waste-deposits-from-an-industrial-process/made,,2020-12-31,Waste deposits from an industrial process,7K,,,1995-01-01,/permitted-development-right/7K
Development carried out on land used for the purposes of a waste management facility consisting of: (a) the extension or alteration of a building; and (b) the installation of replacement plant or machinery,https://www.legislation.gov.uk/uksi/2015/596/schedule/2/part/7/crossheading/class-l-development-at-waste-management-facilities/made,,1995-01-01,Development at waste management facilities,7L,,,,/permitted-development-right/7L
"The erection, extension or alteration of a school, college, university or hospital building",https://www.legislation.gov.uk/uksi/2015/596/schedule/2/part/7/crossheading/class-m-extensions-etc-for-schools-colleges-universities-and-hospitals/made,,2020-12-31,"Extensions etc for schools, colleges, universities and hospitals",7M,,,1995-01-01,/permitted-development-right/7M
"Development consisting of: (a) the provision of a hard surface within the curtilage of any school, university or hospital to be used for the purposes of that school, college, university or hospital; or (b) the replacement in whole or in part of such a surface",https://www.legislation.gov.uk/uksi/2015/596/schedule/2/part/7/crossheading/class-n-hard-surfaces-for-schools-colleges-universities-or-hospitals/made,,1995-01-01,"Hard surfaces for schools, colleges, universities or hospitals",7N,,,,/permitted-development-right/7N
"Development by railway undertakers on their operational land, required in connection with the movement of traffic by rail",https://www.legislation.gov.uk/uksi/2015/596/schedule/2/part/8/crossheading/class-a-railway-or-light-railway-undertakings/made,,2020-12-31,Railway or light railway undertakings,8A,,,1995-01-01,/permitted-development-right/8A
"Development on operational land by statutory undertakers or their lessees in respect of dock, pier, harbour, water transport, or canal or inland navigation undertakings, required: (a) for the purposes of shipping, (b) in connection with the embarking, loading, discharging or transport of passengers, livestock or goods at a dock, pier or harbour, or with the movement of traffic by canal or inland navigation or by any railway forming part of the undertaking",https://www.legislation.gov.uk/uksi/2015/596/schedule/2/part/8/crossheading/class-b-dock-pier-harbour-water-transport-canal-or-inland-navigation-undertakings/made,,2020-12-31,"Dock, pier, harbour, water transport, canal or inland navigation undertakings",8B,,,1995-01-01,/permitted-development-right/8B
"The improvement, maintenance or repair of an inland waterway (other than a commercial waterway or cruising waterway) to which section 104 of the Transport Act 1968 (classification of waterways)(30) applies, and the repair or maintenance of a culvert, weir, lock, aqueduct, sluice, reservoir, let-off valve or other work used in connection with the control and operation of such a waterway",https://www.legislation.gov.uk/uksi/2015/596/schedule/2/part/8/crossheading/class-c-works-to-inland-waterways/made,,2020-12-31,Works to inland waterways,8C,,,1995-01-01,/permitted-development-right/8C
"The use of any land by statutory undertakers in respect of dock, pier, harbour, water transport, canal or inland navigation undertakings for the spreading of any dredged material",https://www.legislation.gov.uk/uksi/2015/596/schedule/2/part/8/crossheading/class-d-dredging-by-transport-undertakings/made,,2020-12-31,Dredging by transport undertakings,8D,,,1995-01-01,/permitted-development-right/8D
"Development required for the purposes of the functions of a general or local lighthouse authority under the Merchant Shipping Act 1995(31) and any other statutory provision made with respect to a local lighthouse authority, or in the exercise by a local lighthouse authority of rights, powers or duties acquired by usage prior to the 1995 Act",https://www.legislation.gov.uk/uksi/2015/596/schedule/2/part/8/crossheading/class-e-development-for-the-aid-of-shipping/made,,2020-12-31,Development for the aid of shipping,8E,,,1995-01-01,/permitted-development-right/8E
The carrying out on operational land by a relevant airport operator or its agent of development (including the erection or alteration of an operational building) in connection with the provision of services and facilities at a relevant airport,https://www.legislation.gov.uk/uksi/2015/596/schedule/2/part/8/crossheading/class-f-development-at-an-airport/made,,2020-12-31,Development at an airport,8F,,,1995-01-01,/permitted-development-right/8F
The carrying out on operational land within the perimeter of a relevant airport by a relevant airport operator or its agent of development in connection with the provision of air traffic services,https://www.legislation.gov.uk/uksi/2015/596/schedule/2/part/8/crossheading/class-g-air-traffic-services-development-at-an-airport/made,,2020-12-31,Air traffic services development at an airport,8G,,,1995-01-01,/permitted-development-right/8G
The carrying out on operational land outside but within 8 kilometres of the perimeter of a relevant airport by a relevant airport operator or its agent of development in connection with the provision of air traffic services,https://www.legislation.gov.uk/uksi/2015/596/schedule/2/part/8/crossheading/class-h-air-traffic-services-development-near-an-airport/made,,2020-12-31,Air traffic services development near an airport,8H,,,1995-01-01,/permitted-development-right/8H
The carrying out by an air traffic services licence holder or its agents within the perimeter of an airport of development in connection with the provision of air traffic services,https://www.legislation.gov.uk/uksi/2015/596/schedule/2/part/8/crossheading/class-i-development-by-an-air-traffic-services-licence-holder-within-an-airport/made,,2020-12-31,Development by an air traffic services licence holder within an airport,8I,,,1995-01-01,/permitted-development-right/8I
The carrying out on operational land of an air traffic services licence holder by that licence holder or its agents of development in connection with the provision of air traffic services,https://www.legislation.gov.uk/uksi/2015/596/schedule/2/part/8/crossheading/class-j-development-by-an-air-traffic-services-licence-holder-on-operational-land/made,,2020-12-31,Development by an air traffic services licence holder on operational land,8J,,,1995-01-01,/permitted-development-right/8J
The use of land by or on behalf of an air traffic services licence holder in an emergency to station moveable apparatus replacing unserviceable apparatus,https://www.legislation.gov.uk/uksi/2015/596/schedule/2/part/8/crossheading/class-k-development-by-an-air-traffic-services-licence-holder-in-an-emergency/made,,2020-12-31,Development by an air traffic services licence holder in an emergency,8K,,,1995-01-01,/permitted-development-right/8K
he use of land by or on behalf of an air traffic services licence holder to provide services and facilities in connection with the provision of air traffic services and the erection or placing of moveable structures on the land for the purposes of that use,https://www.legislation.gov.uk/uksi/2015/596/schedule/2/part/8/crossheading/class-l-development-by-an-air-traffic-services-licence-holder-involving-moveable-structures/made,,2020-12-31,Development by an air traffic services licence holder involving moveable structures,8L,,,1995-01-01,/permitted-development-right/8L
The use of land by or on behalf of the Civil Aviation Authority for the stationing and operation of apparatus in connection with the carrying out of surveys or investigations,https://www.legislation.gov.uk/uksi/2015/596/schedule/2/part/8/crossheading/class-m-development-by-the-civil-aviation-authority-for-surveys-etc/made,,2020-12-31,Development by the Civil Aviation Authority for surveys etc,8M,,,1995-01-01,/permitted-development-right/8M
The use of buildings within the perimeter of an airport managed by a relevant airport operator for purposes connected with air transport services or other flying activities at that airport,https://www.legislation.gov.uk/uksi/2015/596/schedule/2/part/8/crossheading/class-n-use-of-airport-buildings-managed-by-relevant-airport-operators/made,,2020-12-31,Use of airport buildings managed by relevant airport operators,8N,,,1995-01-01,/permitted-development-right/8N
"The carrying out by a highway authority: (a) on land within the boundaries of a road, where such works involve development by virtue of section 55(2)(b)(38) of the Act; or (b) on land outside but adjoining the boundary of an existing highway of works required for or incidental to the maintenance or improvement of the highway.",https://www.legislation.gov.uk/uksi/2015/596/schedule/2/part/9/crossheading/class-a-development-by-highways-authorities/made,,1995-01-01,Development by highways authorities,9A,,,,/permitted-development-right/9A
"The carrying out by the Secretary of State or a strategic highways company of works in exercise of the functions of the Secretary of State or the company under the Highways Act 1980(39), or works in connection with, or incidental to, the exercise of those functions",https://www.legislation.gov.uk/uksi/2015/596/schedule/2/part/9/crossheading/class-b-development-by-the-secretary-of-state-or-a-strategic-highways-company-under-the-highways-act-1980/made,,2020-12-31,Development by the Secretary of State or a strategic highways company under the Highways Act 1980,9B,,,1995-01-01,/permitted-development-right/9B
"Development required for the purposes of the carrying on of any tramway or road transport undertaking consisting of: (a) the installation of posts, underground cables, feeder pillars or transformer boxes in, on, over or adjacent to a highway for the purpose of supplying current to public service vehicles; (b) the installation of tramway tracks, drains and pipes in connection with such tracks for the working of tramways; (c) the installation of telephone cables and apparatus, stop posts and signs required in connection with the operation of public service vehicles; (d) the erection or construction and the maintenance, (e) any other development on operational land of the undertaking",https://www.legislation.gov.uk/uksi/2015/596/schedule/2/part/9/crossheading/class-c-tramway-or-road-transport-undertakings/made,,1995-01-01,Tramway or road transport undertakings,9C,,,,/permitted-development-right/9C
"Development consisting of: (a) the setting up and the maintenance, (b) the provision of a hard surface to be used for the parking of vehicles in connection with the use of such facilities",https://www.legislation.gov.uk/uksi/2015/596/schedule/2/part/9/crossheading/class-d-toll-road-facilities/made,,1995-01-01,Toll road facilities,9D,,,,/permitted-development-right/9D
The carrying out on land within the boundaries of an unadopted street or private way of works required for the maintenance or improvement of the street or way,https://www.legislation.gov.uk/uksi/2015/596/schedule/2/part/9/crossheading/class-e-repairs-to-unadopted-streets-and-private-ways/made,,2020-12-31,Repairs to unadopted streets and private ways,9E,,,1995-01-01,/permitted-development-right/9E
